"id";"movement_speed";"displacement";"number_users";"is_hard_locked";"is_endpoint";"created_at";"active";"rack_id"
1;3.334;3.334;1;0;0;"2023-07-12 13:30:51.000000";1;1
2;12.999;16.333;1;0;0;"2023-07-12 13:30:52.000000";1;1
3;14.995;31.327;1;0;0;"2023-07-12 13:30:53.000000";1;1
4;15.011;46.338;1;0;0;"2023-07-12 13:30:54.000000";1;1
5;15.001;61.339;1;0;0;"2023-07-12 13:30:55.000000";1;1
6;4.978;64.0;1;0;1;"2023-07-12 13:30:56.000000";1;1
7;0.0;64.0;1;0;1;"2023-07-12 13:30:57.000000";1;1
8;0.0;64.0;1;0;1;"2023-07-12 13:31:16.000000";1;1
9;3.336;3.336;1;0;0;"2023-07-12 13:38:01.000000";1;1
10;13.002;16.338;1;0;0;"2023-07-12 13:38:02.000000";1;1
11;14.999;31.337;1;0;0;"2023-07-12 13:38:03.000000";1;1
12;15.002;46.339;1;0;0;"2023-07-12 13:38:04.000000";1;1
13;14.999;61.338;1;0;0;"2023-07-12 13:38:05.000000";1;1
14;4.979;64.0;1;0;1;"2023-07-12 13:38:06.000000";1;1
15;0.0;64.0;1;0;1;"2023-07-12 13:38:07.000000";1;1
16;3.332;3.332;1;0;0;"2023-07-12 13:42:25.000000";1;1
17;12.995;16.327;1;0;0;"2023-07-12 13:42:26.000000";1;1
18;15.0;31.327;1;0;0;"2023-07-12 13:42:27.000000";1;1
19;14.963;46.289;1;0;0;"2023-07-12 13:42:28.000000";1;1
20;15.0;61.289;1;0;0;"2023-07-12 13:42:29.000000";1;1
21;5.009;64.0;1;0;1;"2023-07-12 13:42:30.000000";1;1
22;0.0;64.0;1;0;1;"2023-07-12 13:42:31.000000";1;1
23;3.333;3.333;1;0;0;"2023-07-12 19:40:01.000000";1;1
24;13.0;16.333;1;0;0;"2023-07-12 19:40:02.000000";1;1
25;15.001;31.333;1;0;0;"2023-07-12 19:40:03.000000";1;1
26;14.999;46.332;1;0;0;"2023-07-12 19:40:04.000000";1;1
27;15.0;61.332;1;0;0;"2023-07-12 19:40:05.000000";1;1
28;5.002;64.0;1;0;0;"2023-07-12 19:40:06.000000";1;1
29;4.999;59.001;1;0;0;"2023-07-12 19:40:07.000000";1;1
30;12.503;46.499;1;0;0;"2023-07-12 19:40:08.000000";1;1
31;15.01;31.488;1;0;0;"2023-07-12 19:40:09.000000";1;1
32;15.034;16.454;1;0;0;"2023-07-12 19:40:10.000000";1;1
33;14.995;1.459;1;0;0;"2023-07-12 19:40:11.000000";1;1
34;3.38;0.0;1;0;1;"2023-07-12 19:40:12.000000";1;1
35;0.0;0.0;1;0;1;"2023-07-12 19:40:13.000000";1;1
36;3.333;3.333;1;0;0;"2023-07-12 19:42:22.000000";1;1
37;13.0;16.334;1;0;0;"2023-07-12 19:42:23.000000";1;1
38;14.999;31.332;1;0;0;"2023-07-12 19:42:24.000000";1;1
39;15.002;46.335;1;0;0;"2023-07-12 19:42:25.000000";1;1
40;14.946;61.281;1;0;0;"2023-07-12 19:42:26.000000";1;1
41;5.002;64.0;1;0;0;"2023-07-12 19:42:27.000000";1;1
42;5.033;58.967;1;0;0;"2023-07-12 19:42:28.000000";1;1
43;12.502;46.464;1;0;0;"2023-07-12 19:42:29.000000";1;1
44;15.002;31.462;1;0;0;"2023-07-12 19:42:30.000000";1;1
45;15.003;16.459;1;0;0;"2023-07-12 19:42:31.000000";1;1
46;15.019;1.44;1;0;0;"2023-07-12 19:42:32.000000";1;1
47;3.366;0.0;1;0;1;"2023-07-12 19:42:33.000000";1;1
48;0.0;0.0;1;0;1;"2023-07-12 19:42:34.000000";1;1
49;3.328;3.328;1;0;0;"2023-07-12 19:43:24.000000";1;1
50;12.97;16.298;1;0;0;"2023-07-12 19:43:25.000000";1;1
51;14.982;31.28;1;0;0;"2023-07-12 19:43:26.000000";1;1
52;14.98;46.26;1;0;0;"2023-07-12 19:43:27.000000";1;1
53;14.982;61.242;1;0;0;"2023-07-12 19:43:28.000000";1;1
54;4.96;64.0;1;0;0;"2023-07-12 19:43:29.000000";1;1
55;5.036;58.964;1;0;0;"2023-07-12 19:43:30.000000";1;1
56;12.501;46.464;1;0;0;"2023-07-12 19:43:31.000000";1;1
57;14.995;31.469;1;0;0;"2023-07-12 19:43:32.000000";1;1
58;15.0;16.469;1;0;0;"2023-07-12 19:43:33.000000";1;1
59;15.01;1.459;1;0;0;"2023-07-12 19:43:34.000000";1;1
60;3.333;0.0;1;0;1;"2023-07-12 19:43:35.000000";1;1
61;0.0;0.0;1;0;1;"2023-07-12 19:43:36.000000";1;1
62;3.334;3.334;1;0;0;"2023-07-12 19:44:25.000000";1;1
63;13.033;16.366;1;0;0;"2023-07-12 19:44:26.000000";1;1
64;14.995;31.362;1;0;0;"2023-07-12 19:44:27.000000";1;1
65;15.002;46.364;1;0;0;"2023-07-12 19:44:28.000000";1;1
66;15.05;61.414;1;0;0;"2023-07-12 19:44:29.000000";1;1
67;5.001;64.0;1;0;0;"2023-07-12 19:44:30.000000";1;1
68;4.951;59.049;1;0;0;"2023-07-12 19:44:31.000000";1;1
69;12.534;46.515;1;0;0;"2023-07-12 19:44:32.000000";1;1
70;15.039;31.476;1;0;0;"2023-07-12 19:44:33.000000";1;1
71;15.002;16.474;1;0;0;"2023-07-12 19:44:34.000000";1;1
72;14.983;1.491;1;0;0;"2023-07-12 19:44:35.000000";1;1
73;3.293;0.0;1;0;1;"2023-07-12 19:44:36.000000";1;1
74;0.0;0.0;1;0;1;"2023-07-12 19:44:37.000000";1;1
75;3.314;3.314;1;0;0;"2023-07-12 19:45:18.000000";1;1
76;13.002;16.317;1;0;0;"2023-07-12 19:45:19.000000";1;1
77;15.0;31.316;1;0;0;"2023-07-12 19:45:20.000000";1;1
78;15.003;46.319;1;0;0;"2023-07-12 19:45:21.000000";1;1
79;15.01;61.329;1;0;0;"2023-07-12 19:45:22.000000";1;1
80;5.032;64.0;1;0;0;"2023-07-12 19:45:23.000000";1;1
81;4.994;59.006;1;0;0;"2023-07-12 19:45:24.000000";1;1
82;12.495;46.51;1;0;0;"2023-07-12 19:45:25.000000";1;1
83;15.0;31.51;1;0;0;"2023-07-12 19:45:26.000000";1;1
84;14.995;16.515;1;0;0;"2023-07-12 19:45:27.000000";1;1
85;15.029;1.486;1;0;0;"2023-07-12 19:45:28.000000";1;1
86;3.328;0.0;1;0;1;"2023-07-12 19:45:29.000000";1;1
87;0.0;0.0;1;0;1;"2023-07-12 19:45:30.000000";1;1
88;3.315;3.315;1;0;0;"2023-07-12 19:46:55.000000";1;1
89;13.0;16.315;1;0;0;"2023-07-12 19:46:56.000000";1;1
90;14.999;31.314;1;0;0;"2023-07-12 19:46:57.000000";1;1
91;15.001;46.314;1;0;0;"2023-07-12 19:46:58.000000";1;1
92;14.968;61.283;1;0;0;"2023-07-12 19:46:59.000000";1;1
93;5.027;64.0;1;0;0;"2023-07-12 19:47:00.000000";1;1
94;4.995;59.005;1;0;0;"2023-07-12 19:47:01.000000";1;1
95;12.495;46.511;1;0;0;"2023-07-12 19:47:02.000000";1;1
96;15.041;31.47;1;0;0;"2023-07-12 19:47:03.000000";1;1
97;15.0;16.47;1;0;0;"2023-07-12 19:47:04.000000";1;1
98;14.981;1.489;1;0;0;"2023-07-12 19:47:05.000000";1;1
99;3.344;0.0;1;0;1;"2023-07-12 19:47:06.000000";1;1
100;0.0;0.0;1;0;1;"2023-07-12 19:47:07.000000";1;1
101;3.293;3.293;1;0;0;"2023-07-12 19:47:24.000000";1;1
102;13.01;16.304;1;0;0;"2023-07-12 19:47:25.000000";1;1
103;15.04;31.343;1;0;0;"2023-07-12 19:47:26.000000";1;1
104;15.024;46.368;1;0;0;"2023-07-12 19:47:27.000000";1;1
105;14.979;61.347;1;0;0;"2023-07-12 19:47:28.000000";1;1
106;5.0;64.0;1;0;0;"2023-07-12 19:47:29.000000";1;1
107;5.001;58.999;1;0;0;"2023-07-12 19:47:30.000000";1;1
108;12.501;46.499;1;0;0;"2023-07-12 19:47:31.000000";1;1
109;14.995;31.504;1;0;0;"2023-07-12 19:47:32.000000";1;1
110;14.999;16.505;1;0;0;"2023-07-12 19:47:33.000000";1;1
111;15.027;1.478;1;0;0;"2023-07-12 19:47:34.000000";1;1
112;3.334;0.0;1;0;1;"2023-07-12 19:47:35.000000";1;1
113;0.0;0.0;1;0;1;"2023-07-12 19:47:36.000000";1;1
114;3.363;3.363;1;0;0;"2023-07-12 19:47:43.000000";1;1
115;13.002;16.366;1;0;0;"2023-07-12 19:47:44.000000";1;1
116;14.995;31.361;1;0;0;"2023-07-12 19:47:45.000000";1;1
117;14.995;46.356;1;0;0;"2023-07-12 19:47:46.000000";1;1
118;15.027;61.383;1;0;0;"2023-07-12 19:47:47.000000";1;1
119;4.978;64.0;1;0;0;"2023-07-12 19:47:48.000000";1;1
120;5.0;59.0;1;0;0;"2023-07-12 19:47:49.000000";1;1
121;12.501;46.5;1;0;0;"2023-07-12 19:47:50.000000";1;1
122;15.009;31.491;1;0;0;"2023-07-12 19:47:51.000000";1;1
123;14.971;16.519;1;0;0;"2023-07-12 19:47:52.000000";1;1
124;14.994;1.525;1;0;0;"2023-07-12 19:47:53.000000";1;1
125;3.343;0.0;1;0;1;"2023-07-12 19:47:54.000000";1;1
126;0.0;0.0;1;0;1;"2023-07-12 19:47:55.000000";1;1
127;3.336;3.336;1;0;0;"2023-07-12 19:52:27.000000";1;1
128;13.0;16.336;1;0;0;"2023-07-12 19:52:28.000000";1;1
129;15.001;31.336;1;0;0;"2023-07-12 19:52:29.000000";1;1
130;15.003;46.339;1;0;0;"2023-07-12 19:52:31.000000";1;1
131;3.333;3.333;1;0;0;"2023-07-12 19:58:34.000000";1;1
132;13.002;16.335;1;0;0;"2023-07-12 19:58:35.000000";1;1
133;15.034;31.369;1;0;0;"2023-07-12 19:58:36.000000";1;1
134;15.002;46.372;1;0;0;"2023-07-12 19:58:37.000000";1;1
135;15.0;61.371;1;0;0;"2023-07-12 19:58:38.000000";1;1
136;4.961;64.0;1;0;1;"2023-07-12 19:58:39.000000";1;1
137;0.0;64.0;1;0;1;"2023-07-12 19:58:40.000000";1;1
138;0.0;0.0;1;0;1;"2023-07-12 20:00:29.000000";1;1
139;3.328;3.328;1;0;0;"2023-07-12 20:01:06.000000";1;1
140;12.956;16.284;1;0;0;"2023-07-12 20:01:07.000000";1;1
141;15.0;31.284;1;0;0;"2023-07-12 20:01:08.000000";1;1
142;14.946;46.23;1;0;0;"2023-07-12 20:01:09.000000";1;1
143;14.999;61.229;1;0;0;"2023-07-12 20:01:10.000000";1;1
144;5.002;64.0;1;0;1;"2023-07-12 20:01:11.000000";1;1
145;0.0;64.0;1;0;1;"2023-07-12 20:01:12.000000";1;1
146;4.983;59.017;1;0;0;"2023-07-12 20:01:17.000000";1;1
147;12.495;46.522;1;0;0;"2023-07-12 20:01:18.000000";1;1
148;15.002;31.52;1;0;0;"2023-07-12 20:01:19.000000";1;1
149;15.029;16.491;1;0;0;"2023-07-12 20:01:20.000000";1;1
150;15.011;1.481;1;0;0;"2023-07-12 20:01:21.000000";1;1
151;3.35;0.0;1;0;1;"2023-07-12 20:01:22.000000";1;1
152;0.0;0.0;1;0;1;"2023-07-12 20:01:23.000000";1;1
153;3.343;3.343;1;0;0;"2023-07-12 20:01:28.000000";1;1
154;13.032;16.375;1;0;0;"2023-07-12 20:01:29.000000";1;1
155;14.982;31.357;1;0;0;"2023-07-12 20:01:30.000000";1;1
156;15.011;46.368;1;0;0;"2023-07-12 20:01:31.000000";1;1
157;15.036;61.404;1;0;0;"2023-07-12 20:01:32.000000";1;1
158;5.001;64.0;1;0;0;"2023-07-12 20:01:41.000000";1;1
159;5.002;58.998;1;0;0;"2023-07-12 20:01:42.000000";1;1
160;12.495;46.502;1;0;0;"2023-07-12 20:01:43.000000";1;1
161;15.025;31.477;1;0;0;"2023-07-12 20:01:44.000000";1;1
162;14.995;16.482;1;0;0;"2023-07-12 20:01:45.000000";1;1
163;14.994;1.487;1;0;0;"2023-07-12 20:01:46.000000";1;1
164;3.332;0.0;1;0;1;"2023-07-12 20:01:47.000000";1;1
165;0.0;0.0;1;0;1;"2023-07-12 20:01:48.000000";1;1
166;3.336;3.336;1;0;0;"2023-07-12 20:09:46.000000";1;1
167;12.975;16.311;1;0;0;"2023-07-12 20:09:47.000000";1;1
168;15.034;31.345;1;0;0;"2023-07-12 20:09:48.000000";1;1
169;14.96;46.305;1;0;0;"2023-07-12 20:09:49.000000";1;1
170;14.982;61.287;1;0;0;"2023-07-12 20:09:50.000000";1;1
171;4.983;64.0;1;0;0;"2023-07-12 20:09:51.000000";1;1
172;4.995;59.005;1;0;0;"2023-07-12 20:09:52.000000";1;1
173;12.499;46.506;1;0;0;"2023-07-12 20:09:53.000000";1;1
174;15.0;31.506;1;0;0;"2023-07-12 20:09:54.000000";1;1
175;15.001;16.506;1;0;0;"2023-07-12 20:09:55.000000";1;1
176;15.0;1.506;1;0;0;"2023-07-12 20:09:56.000000";1;1
177;3.344;0.0;1;0;1;"2023-07-12 20:09:57.000000";1;1
178;0.0;0.0;1;0;1;"2023-07-12 20:09:58.000000";1;1
179;3.332;3.332;1;0;0;"2023-07-12 21:56:45.000000";1;1
180;13.001;16.333;1;0;0;"2023-07-12 21:56:46.000000";1;1
181;15.032;31.365;1;0;0;"2023-07-12 21:56:47.000000";1;1
182;15.04;46.405;1;0;0;"2023-07-12 21:56:48.000000";1;1
183;15.001;61.405;1;0;0;"2023-07-12 21:56:49.000000";1;1
184;4.948;64.0;1;0;1;"2023-07-12 21:56:50.000000";1;1
185;0.0;64.0;1;0;1;"2023-07-12 21:56:51.000000";1;1
186;0.0;0.0;1;0;1;"2023-07-21 21:39:00.000000";1;1
187;3.336;3.336;1;0;0;"2023-07-21 21:39:10.000000";1;1
188;12.959;16.295;1;0;0;"2023-07-21 21:39:11.000000";1;1
189;14.999;31.293;1;0;0;"2023-07-21 21:39:12.000000";1;1
190;14.981;46.274;1;0;0;"2023-07-21 21:39:13.000000";1;1
191;14.979;61.253;1;0;0;"2023-07-21 21:39:14.000000";1;1
192;4.979;64.0;1;0;1;"2023-07-21 21:39:15.000000";1;1
193;0.0;64.0;1;0;1;"2023-07-21 21:39:16.000000";1;1
194;5.001;58.999;1;0;0;"2023-07-21 21:39:22.000000";1;1
195;12.527;46.473;1;0;0;"2023-07-21 21:39:23.000000";1;1
196;14.983;31.49;1;0;0;"2023-07-21 21:39:24.000000";1;1
197;15.0;16.49;1;0;0;"2023-07-21 21:39:25.000000";1;1
198;15.0;1.49;1;0;0;"2023-07-21 21:39:26.000000";1;1
199;3.333;0.0;1;0;1;"2023-07-21 21:39:27.000000";1;1
200;0.0;0.0;1;0;1;"2023-07-21 21:39:28.000000";1;1
201;3.333;3.333;1;0;0;"2023-07-21 21:39:42.000000";1;1
202;12.995;16.329;1;0;0;"2023-07-21 21:39:43.000000";1;1
203;14.999;31.327;1;0;0;"2023-07-21 21:39:44.000000";1;1
204;15.003;46.33;1;0;0;"2023-07-21 21:39:45.000000";1;1
205;15.035;61.365;1;0;0;"2023-07-21 21:39:46.000000";1;1
206;5.0;64.0;1;0;0;"2023-07-21 21:39:47.000000";1;1
207;5.0;59.0;1;0;0;"2023-07-21 21:39:58.000000";1;1
208;12.501;46.5;1;0;0;"2023-07-21 21:39:59.000000";1;1
209;15.037;31.463;1;0;0;"2023-07-21 21:40:00.000000";1;1
210;15.011;16.452;1;0;0;"2023-07-21 21:40:01.000000";1;1
211;15.001;1.451;1;0;0;"2023-07-21 21:40:02.000000";1;1
212;3.343;0.0;1;0;1;"2023-07-21 21:40:03.000000";1;1
213;0.0;0.0;1;0;1;"2023-07-21 21:40:04.000000";1;1
214;3.274;3.274;1;0;0;"2023-07-21 19:29:28.000000";1;1
215;12.963;16.236;1;0;0;"2023-07-21 19:29:29.000000";1;1
216;14.948;31.184;1;0;0;"2023-07-21 19:29:30.000000";1;1
217;15.0;46.184;1;0;0;"2023-07-21 19:29:31.000000";1;1
218;15.0;61.183;1;0;0;"2023-07-21 19:29:32.000000";1;1
219;5.0;64.0;1;0;0;"2023-07-21 19:29:33.000000";1;1
220;5.0;59.0;1;0;0;"2023-07-21 19:29:34.000000";1;1
221;12.5;46.5;1;0;0;"2023-07-21 19:29:35.000000";1;1
222;14.999;31.501;1;0;0;"2023-07-21 19:29:36.000000";1;1
223;15.027;16.474;1;0;0;"2023-07-21 19:29:37.000000";1;1
224;14.995;1.479;1;0;0;"2023-07-21 19:29:38.000000";1;1
225;3.328;0.0;1;0;1;"2023-07-21 19:29:39.000000";1;1
226;0.0;0.0;1;0;1;"2023-07-21 19:29:40.000000";1;1
227;3.317;3.317;1;0;0;"2023-07-21 19:29:44.000000";1;1
228;13.027;16.344;1;0;0;"2023-07-21 19:29:45.000000";1;1
229;14.999;31.343;1;0;0;"2023-07-21 19:29:46.000000";1;1
230;14.999;46.342;1;0;0;"2023-07-21 19:29:56.000000";1;1
231;15.001;61.343;1;0;0;"2023-07-21 19:29:57.000000";1;1
232;5.011;64.0;1;0;0;"2023-07-21 19:30:04.000000";1;1
233;4.942;59.058;1;0;0;"2023-07-21 19:30:05.000000";1;1
234;12.502;46.555;1;0;0;"2023-07-21 19:30:06.000000";1;1
235;14.949;31.606;1;0;0;"2023-07-21 19:30:07.000000";1;1
236;15.01;16.596;1;0;0;"2023-07-21 19:30:08.000000";1;1
237;14.999;1.598;1;0;0;"2023-07-21 19:30:09.000000";1;1
238;3.363;0.0;1;0;1;"2023-07-21 19:30:10.000000";1;1
239;0.0;0.0;1;0;1;"2023-07-21 19:30:11.000000";1;1
240;3.372;3.372;1;0;0;"2023-07-21 19:30:24.000000";1;1
241;13.0;16.372;1;0;0;"2023-07-21 19:30:25.000000";1;1
242;15.04;31.412;1;0;0;"2023-07-21 19:30:26.000000";1;1
243;14.999;46.411;1;0;0;"2023-07-21 19:30:27.000000";1;1
244;15.0;61.41;1;0;0;"2023-07-21 19:30:28.000000";1;1
245;5.009;64.0;1;0;0;"2023-07-21 19:30:36.000000";1;1
246;4.999;59.001;1;0;0;"2023-07-21 19:30:37.000000";1;1
247;12.5;46.501;1;0;0;"2023-07-21 19:30:38.000000";1;1
248;14.995;31.507;1;0;0;"2023-07-21 19:30:39.000000";1;1
249;15.003;16.504;1;0;0;"2023-07-21 19:30:40.000000";1;1
250;15.003;1.502;1;0;0;"2023-07-21 19:30:41.000000";1;1
251;3.313;0.0;1;0;1;"2023-07-21 19:30:42.000000";1;1
252;0.0;0.0;1;0;1;"2023-07-21 19:30:43.000000";1;1
253;3.291;3.291;1;0;0;"2023-07-21 22:01:38.000000";1;121
254;12.995;16.286;1;0;0;"2023-07-21 22:01:39.000000";1;121
255;14.995;31.281;1;0;0;"2023-07-21 22:01:40.000000";1;121
256;14.982;46.263;1;0;0;"2023-07-21 22:01:41.000000";1;121
257;15.001;61.264;1;0;0;"2023-07-21 22:01:42.000000";1;121
258;5.002;64.0;1;0;0;"2023-07-21 22:01:43.000000";1;121
259;5.002;58.998;1;0;0;"2023-07-21 22:01:44.000000";1;121
260;12.5;46.498;1;0;0;"2023-07-21 22:01:45.000000";1;121
261;15.003;31.495;1;0;0;"2023-07-21 22:01:46.000000";1;121
262;15.0;16.496;1;0;0;"2023-07-21 22:01:47.000000";1;121
263;15.011;1.484;1;0;0;"2023-07-21 22:01:48.000000";1;121
264;3.369;0.0;1;0;1;"2023-07-21 22:01:49.000000";1;121
265;0.0;0.0;1;0;1;"2023-07-21 22:01:51.000000";1;121
266;3.334;3.334;1;0;0;"2023-07-21 22:02:11.000000";1;115
267;13.002;16.336;1;0;0;"2023-07-21 22:02:12.000000";1;115
268;14.999;31.335;1;0;0;"2023-07-21 22:02:13.000000";1;115
269;15.003;46.338;1;0;0;"2023-07-21 22:02:14.000000";1;115
270;15.001;61.338;1;0;0;"2023-07-21 22:02:15.000000";1;115
271;4.999;64.0;1;0;0;"2023-07-21 22:02:16.000000";1;115
272;4.995;59.005;1;0;0;"2023-07-21 22:02:17.000000";1;115
273;12.51;46.495;1;0;0;"2023-07-21 22:02:18.000000";1;115
274;15.0;31.495;1;0;0;"2023-07-21 22:02:19.000000";1;115
275;15.0;16.495;1;0;0;"2023-07-21 22:02:20.000000";1;115
276;15.025;1.47;1;0;0;"2023-07-21 22:02:21.000000";1;115
277;3.336;0.0;1;0;1;"2023-07-21 22:02:22.000000";1;115
278;0.0;0.0;1;0;1;"2023-07-21 22:02:23.000000";1;115
279;3.333;3.333;1;0;0;"2023-07-21 22:04:36.000000";1;91
280;13.018;16.352;1;0;0;"2023-07-21 22:04:37.000000";1;91
281;15.0;31.351;1;0;0;"2023-07-21 22:04:38.000000";1;91
282;15.029;46.38;1;0;0;"2023-07-21 22:04:39.000000";1;91
283;15.001;61.381;1;0;0;"2023-07-21 22:04:40.000000";1;91
284;5.0;64.0;1;0;0;"2023-07-21 22:04:50.000000";1;91
285;4.994;59.006;1;0;0;"2023-07-21 22:04:51.000000";1;91
286;12.5;46.505;1;0;0;"2023-07-21 22:04:52.000000";1;91
287;15.01;31.495;1;0;0;"2023-07-21 22:04:53.000000";1;91
288;14.981;16.514;1;0;0;"2023-07-21 22:04:54.000000";1;91
289;15.0;1.514;1;0;0;"2023-07-21 22:04:55.000000";1;91
290;3.342;0.0;1;0;1;"2023-07-21 22:04:56.000000";1;91
291;0.0;0.0;1;0;1;"2023-07-21 22:04:57.000000";1;91
292;3.336;3.336;1;0;0;"2023-07-22 18:22:13.000000";1;115
293;13.011;16.346;1;0;0;"2023-07-22 18:22:14.000000";1;115
294;14.999;31.345;1;0;0;"2023-07-22 18:22:15.000000";1;115
295;15.0;46.345;1;0;0;"2023-07-22 18:22:16.000000";1;115
296;14.952;61.297;1;0;0;"2023-07-22 18:22:17.000000";1;115
297;5.011;64.0;1;0;0;"2023-07-22 18:22:18.000000";1;115
298;4.98;59.02;1;0;0;"2023-07-22 18:22:19.000000";1;115
299;12.532;46.488;1;0;0;"2023-07-22 18:22:20.000000";1;115
300;15.005;31.483;1;0;0;"2023-07-22 18:22:21.000000";1;115
301;14.999;16.484;1;0;0;"2023-07-22 18:22:22.000000";1;115
302;15.002;1.482;1;0;0;"2023-07-22 18:22:23.000000";1;115
303;3.362;0.0;1;0;1;"2023-07-22 18:22:24.000000";1;115
304;0.0;0.0;1;0;1;"2023-07-22 18:22:25.000000";1;115
305;3.36;3.36;1;0;0;"2023-07-27 19:21:04.000000";1;20
306;13.01;16.37;1;0;0;"2023-07-27 19:21:05.000000";1;20
307;3.336;3.336;1;0;0;"2023-07-27 19:21:19.000000";1;20
308;13.011;16.347;1;0;0;"2023-07-27 19:21:20.000000";1;20
309;14.965;31.312;1;0;0;"2023-07-27 19:21:21.000000";1;20
310;15.038;46.349;1;0;0;"2023-07-27 19:21:22.000000";1;20
311;14.995;61.344;1;0;0;"2023-07-27 19:21:23.000000";1;20
312;3.334;3.334;1;0;0;"2023-07-27 19:22:21.000000";1;20
313;13.002;16.336;1;0;0;"2023-07-27 19:22:22.000000";1;20
314;15.001;31.337;1;0;0;"2023-07-27 19:22:23.000000";1;20
315;15.0;46.337;1;0;0;"2023-07-27 19:22:24.000000";1;20
316;15.011;61.348;1;0;0;"2023-07-27 19:22:25.000000";1;20
317;4.979;64.0;1;0;1;"2023-07-27 19:22:26.000000";1;20
318;0.0;64.0;1;0;1;"2023-07-27 19:22:27.000000";1;20
319;5.01;58.99;1;0;0;"2023-07-27 19:22:38.000000";1;20
320;12.482;46.508;1;0;0;"2023-07-27 19:22:39.000000";1;20
321;15.002;31.505;1;0;0;"2023-07-27 19:22:40.000000";1;20
322;0.0;0.0;1;0;1;"2023-07-27 19:22:51.000000";1;20
323;3.344;3.344;1;0;0;"2023-07-27 19:22:59.000000";1;20
324;12.969;16.313;1;0;0;"2023-07-27 19:23:00.000000";1;20
325;14.995;31.308;1;0;0;"2023-07-27 19:23:01.000000";1;20
326;15.002;46.31;1;0;0;"2023-07-27 19:23:02.000000";1;20
327;15.011;61.322;1;0;0;"2023-07-27 19:23:03.000000";1;20
328;5.002;64.0;1;0;1;"2023-07-27 19:23:04.000000";1;20
329;0.0;64.0;1;0;1;"2023-07-27 19:23:05.000000";1;20
330;5.0;59.0;1;0;0;"2023-07-27 19:23:08.000000";1;20
331;12.494;46.505;1;0;0;"2023-07-27 19:23:09.000000";1;20
332;14.955;31.55;1;0;0;"2023-07-27 19:23:10.000000";1;20
333;15.009;16.541;1;0;0;"2023-07-27 19:23:11.000000";1;20
334;0.0;0.0;1;0;1;"2023-07-27 19:23:26.000000";1;20
335;3.316;3.316;1;0;0;"2023-07-27 19:23:29.000000";1;20
336;13.002;16.319;1;0;0;"2023-07-27 19:23:30.000000";1;20
337;15.001;31.319;1;0;0;"2023-07-27 19:23:31.000000";1;20
338;15.001;46.32;1;0;0;"2023-07-27 19:23:32.000000";1;20
339;15.0;61.319;1;0;0;"2023-07-27 19:23:33.000000";1;20
340;4.958;64.0;1;0;1;"2023-07-27 19:23:34.000000";1;20
341;0.0;64.0;1;0;1;"2023-07-27 19:23:35.000000";1;20
342;4.979;59.021;1;0;0;"2023-07-27 19:23:38.000000";1;20
343;12.502;46.519;1;0;0;"2023-07-27 19:23:39.000000";1;20
344;15.011;31.508;1;0;0;"2023-07-27 19:23:40.000000";1;20
345;14.982;16.526;1;0;0;"2023-07-27 19:23:41.000000";1;20
346;3.334;3.334;1;0;0;"2023-07-27 19:24:34.000000";1;20
347;12.984;16.318;1;0;0;"2023-07-27 19:24:35.000000";1;20
348;15.001;31.318;1;0;0;"2023-07-27 19:24:36.000000";1;20
349;15.0;46.318;1;0;0;"2023-07-27 19:24:37.000000";1;20
350;15.01;61.328;1;0;0;"2023-07-27 19:24:38.000000";1;20
351;5.0;64.0;1;0;0;"2023-07-27 19:24:39.000000";1;20
352;5.03;58.97;1;0;0;"2023-07-27 19:24:40.000000";1;20
353;3.283;3.283;1;0;0;"2023-07-27 19:24:47.000000";1;20
354;13.003;16.285;1;0;0;"2023-07-27 19:24:48.000000";1;20
355;15.025;31.311;1;0;0;"2023-07-27 19:24:49.000000";1;20
356;15.032;46.342;1;0;0;"2023-07-27 19:24:50.000000";1;20
357;15.038;61.38;1;0;0;"2023-07-27 19:24:51.000000";1;20
358;5.016;64.0;1;0;0;"2023-07-27 19:24:52.000000";1;20
359;5.0;59.0;1;0;0;"2023-07-27 19:24:53.000000";1;20
360;3.334;3.334;1;0;0;"2023-07-27 19:53:41.000000";1;20
361;13.01;16.344;1;0;0;"2023-07-27 19:53:42.000000";1;20
362;14.982;31.326;1;0;0;"2023-07-27 19:53:43.000000";1;20
363;14.982;46.308;1;0;0;"2023-07-27 19:53:44.000000";1;20
364;3.336;3.336;1;0;0;"2023-07-27 20:20:17.000000";1;1
365;13.0;16.336;1;0;0;"2023-07-27 20:20:18.000000";1;1
366;15.001;31.336;1;0;0;"2023-07-27 20:20:19.000000";1;1
367;14.983;46.319;1;0;0;"2023-07-27 20:20:20.000000";1;1
368;3.362;3.362;1;0;0;"2023-07-27 20:20:37.000000";1;1
369;13.026;16.389;1;0;0;"2023-07-27 20:20:38.000000";1;1
370;15.031;31.419;1;0;0;"2023-07-27 20:20:39.000000";1;1
371;14.978;46.397;1;0;0;"2023-07-27 20:20:40.000000";1;1
372;15.038;61.435;1;0;0;"2023-07-27 20:20:41.000000";1;1
373;4.979;64.0;1;0;1;"2023-07-27 20:20:42.000000";1;1
374;0.0;64.0;1;0;1;"2023-07-27 20:20:43.000000";1;1
375;4.995;59.005;1;0;0;"2023-07-27 20:20:48.000000";1;1
376;12.5;46.504;1;0;0;"2023-07-27 20:20:49.000000";1;1
377;15.0;31.504;1;0;0;"2023-07-27 20:20:50.000000";1;1
378;0.0;0.0;1;0;1;"2023-07-27 20:21:00.000000";1;1
379;3.336;3.336;1;0;0;"2023-07-27 20:21:05.000000";1;1
380;13.001;16.336;1;0;0;"2023-07-27 20:21:06.000000";1;1
381;15.0;31.336;1;0;0;"2023-07-27 20:21:07.000000";1;1
382;3.332;3.332;1;0;0;"2023-07-27 20:21:21.000000";1;1
383;13.0;16.332;1;0;0;"2023-07-27 20:21:22.000000";1;1
384;15.006;31.339;1;0;0;"2023-07-27 20:21:23.000000";1;1
385;15.001;46.339;1;0;0;"2023-07-27 20:21:24.000000";1;1
386;3.329;3.329;1;0;0;"2023-07-27 20:21:31.000000";1;1
387;12.959;16.288;1;0;0;"2023-07-27 20:21:32.000000";1;1
388;3.334;3.334;1;0;0;"2023-07-27 20:22:07.000000";1;1
389;12.982;16.316;1;0;0;"2023-07-27 20:22:08.000000";1;1
390;15.002;31.318;1;0;0;"2023-07-27 20:22:09.000000";1;1
391;14.995;46.313;1;0;0;"2023-07-27 20:22:10.000000";1;1
392;15.0;61.313;1;0;0;"2023-07-27 20:22:11.000000";1;1
393;4.982;64.0;1;0;1;"2023-07-27 20:22:12.000000";1;1
394;0.0;64.0;1;0;1;"2023-07-27 20:22:13.000000";1;1
395;4.999;59.001;1;0;0;"2023-07-27 20:22:17.000000";1;1
396;12.495;46.506;1;0;0;"2023-07-27 20:22:18.000000";1;1
397;15.0;31.506;1;0;0;"2023-07-27 20:22:19.000000";1;1
398;15.027;16.479;1;0;0;"2023-07-27 20:22:20.000000";1;1
399;0.0;0.0;1;0;1;"2023-07-27 20:22:27.000000";1;1
400;3.333;3.333;1;0;0;"2023-07-27 20:22:31.000000";1;1
401;13.001;16.334;1;0;0;"2023-07-27 20:22:32.000000";1;1
402;15.001;31.334;1;0;0;"2023-07-27 20:22:33.000000";1;1
403;15.032;46.366;1;0;0;"2023-07-27 20:22:34.000000";1;1
404;15.0;61.366;1;0;0;"2023-07-27 20:22:35.000000";1;1
405;5.0;64.0;1;0;1;"2023-07-27 20:22:36.000000";1;1
406;0.0;64.0;1;0;1;"2023-07-27 20:22:37.000000";1;1
407;5.001;58.999;1;0;0;"2023-07-27 20:22:40.000000";1;1
408;12.483;46.517;1;0;0;"2023-07-27 20:22:41.000000";1;1
409;14.979;31.538;1;0;0;"2023-07-27 20:22:42.000000";1;1
410;0.0;0.0;1;0;1;"2023-07-27 20:25:56.000000";1;1
411;3.334;3.334;1;0;0;"2023-07-27 20:26:00.000000";1;1
412;13.0;16.334;1;0;0;"2023-07-27 20:26:01.000000";1;1
413;15.009;31.343;1;0;0;"2023-07-27 20:26:02.000000";1;1
